en_lex	C_75e9e1fd63ab446cb13c64c34fde27f5	0	hola	0
en_lex	C_75e9e1fd63ab446cb13c64c34fde27f5	1	tengo	0
en_lex	C_75e9e1fd63ab446cb13c64c34fde27f5	1	un	0
en_lex	C_75e9e1fd63ab446cb13c64c34fde27f5	1	amigo	0
en_lex	C_75e9e1fd63ab446cb13c64c34fde27f5	1	que	0
en_lex	C_75e9e1fd63ab446cb13c64c34fde27f5	1	estudia	2	0
en_lex	C_75e9e1fd63ab446cb13c64c34fde27f5	1	derecho	0
en_lex	C_75e9e1fd63ab446cb13c64c34fde27f5	1	-	2
en_lex	C_75e9e1fd63ab446cb13c64c34fde27f5	1	law	1
en_lex	C_75e9e1fd63ab446cb13c64c34fde27f5	2	y	0
en_lex	C_75e9e1fd63ab446cb13c64c34fde27f5	2	tu	0
en_lex	C_75e9e1fd63ab446cb13c64c34fde27f5	2	?	2
en_lex	C_75e9e1fd63ab446cb13c64c34fde27f5	3	no	0
en_lex	C_75e9e1fd63ab446cb13c64c34fde27f5	4	tengo	0
en_lex	C_75e9e1fd63ab446cb13c64c34fde27f5	4	una	0
en_lex	C_75e9e1fd63ab446cb13c64c34fde27f5	4	amigo	0
en_lex	C_75e9e1fd63ab446cb13c64c34fde27f5	4	que	0
en_lex	C_75e9e1fd63ab446cb13c64c34fde27f5	4	tiene	0
en_lex	C_75e9e1fd63ab446cb13c64c34fde27f5	4	major	1
en_lex	C_75e9e1fd63ab446cb13c64c34fde27f5	4	en	0
en_lex	C_75e9e1fd63ab446cb13c64c34fde27f5	4	farmacia	0
en_lex	C_75e9e1fd63ab446cb13c64c34fde27f5	4	time	1
en_lex	C_75e9e1fd63ab446cb13c64c34fde27f5	4	morning	1
en_lex	C_75e9e1fd63ab446cb13c64c34fde27f5	4	y	0
en_lex	C_75e9e1fd63ab446cb13c64c34fde27f5	4	trabaja	0
en_lex	C_75e9e1fd63ab446cb13c64c34fde27f5	4	en	0
en_lex	C_75e9e1fd63ab446cb13c64c34fde27f5	4	la	0
en_lex	C_75e9e1fd63ab446cb13c64c34fde27f5	4	joyeria	0
en_lex	C_75e9e1fd63ab446cb13c64c34fde27f5	5	tengo	0
en_lex	C_75e9e1fd63ab446cb13c64c34fde27f5	5	una	0
en_lex	C_75e9e1fd63ab446cb13c64c34fde27f5	5	amigo	0
en_lex	C_75e9e1fd63ab446cb13c64c34fde27f5	5	que	0
en_lex	C_75e9e1fd63ab446cb13c64c34fde27f5	5	trabaja	0
en_lex	C_75e9e1fd63ab446cb13c64c34fde27f5	5	en	0
en_lex	C_75e9e1fd63ab446cb13c64c34fde27f5	5	el	0
en_lex	C_75e9e1fd63ab446cb13c64c34fde27f5	5	parque	0
en_lex	C_75e9e1fd63ab446cb13c64c34fde27f5	5	y	0
en_lex	C_75e9e1fd63ab446cb13c64c34fde27f5	5	con	0
en_lex	C_75e9e1fd63ab446cb13c64c34fde27f5	5	major	1
en_lex	C_75e9e1fd63ab446cb13c64c34fde27f5	5	la	0
en_lex	C_75e9e1fd63ab446cb13c64c34fde27f5	5	contabilidad	0
sp_lex	C_6d8c80d45b70435ba181b2ac3370ad14	0	hola	0
sp_lex	C_6d8c80d45b70435ba181b2ac3370ad14	1	a	0
sp_lex	C_6d8c80d45b70435ba181b2ac3370ad14	1	mi	0
sp_lex	C_6d8c80d45b70435ba181b2ac3370ad14	1	amigo	0
sp_lex	C_6d8c80d45b70435ba181b2ac3370ad14	1	al	0
sp_lex	C_6d8c80d45b70435ba181b2ac3370ad14	1	like	1
sp_lex	C_6d8c80d45b70435ba181b2ac3370ad14	1	the	1
sp_lex	C_6d8c80d45b70435ba181b2ac3370ad14	1	gardening	1
sp_lex	C_6d8c80d45b70435ba181b2ac3370ad14	2	no	0
sp_lex	C_6d8c80d45b70435ba181b2ac3370ad14	3	contabilidad	0
sp_lex	C_6d8c80d45b70435ba181b2ac3370ad14	4	yes	1
sp_lex	C_6d8c80d45b70435ba181b2ac3370ad14	5	tengo	0
sp_lex	C_6d8c80d45b70435ba181b2ac3370ad14	5	un	0
sp_lex	C_6d8c80d45b70435ba181b2ac3370ad14	5	amigo	0
sp_lex	C_6d8c80d45b70435ba181b2ac3370ad14	5	se	0
sp_lex	C_6d8c80d45b70435ba181b2ac3370ad14	5	especializa	2	0
sp_lex	C_6d8c80d45b70435ba181b2ac3370ad14	5	en	0
sp_lex	C_6d8c80d45b70435ba181b2ac3370ad14	5	inmuebles	0
sp_lex	C_6d8c80d45b70435ba181b2ac3370ad14	6	tienes	0
sp_lex	C_6d8c80d45b70435ba181b2ac3370ad14	6	un	0
sp_lex	C_6d8c80d45b70435ba181b2ac3370ad14	6	amigo	0
sp_lex	C_6d8c80d45b70435ba181b2ac3370ad14	6	que	0
sp_lex	C_6d8c80d45b70435ba181b2ac3370ad14	6	le	0
sp_lex	C_6d8c80d45b70435ba181b2ac3370ad14	6	gustan	0
sp_lex	C_6d8c80d45b70435ba181b2ac3370ad14	6	the	1
sp_lex	C_6d8c80d45b70435ba181b2ac3370ad14	6	videos	1
sp_lex	C_6d8c80d45b70435ba181b2ac3370ad14	6	games	1
sp_lex	C_6d8c80d45b70435ba181b2ac3370ad14	6	?	2
sp_lex	C_6d8c80d45b70435ba181b2ac3370ad14	7	yes	1
sp_lex	C_6d8c80d45b70435ba181b2ac3370ad14	8	tambien	0
sp_lex	C_6d8c80d45b70435ba181b2ac3370ad14	8	tengo	0
sp_lex	C_6d8c80d45b70435ba181b2ac3370ad14	8	un	0
sp_lex	C_6d8c80d45b70435ba181b2ac3370ad14	8	amigo	0
sp_lex	C_6d8c80d45b70435ba181b2ac3370ad14	8	a	0
sp_lex	C_6d8c80d45b70435ba181b2ac3370ad14	8	like	1
sp_lex	C_6d8c80d45b70435ba181b2ac3370ad14	8	the	1
sp_lex	C_6d8c80d45b70435ba181b2ac3370ad14	8	video	1
sp_lex	C_6d8c80d45b70435ba181b2ac3370ad14	8	games	1
sp_lex	C_6d8c80d45b70435ba181b2ac3370ad14	9	yes	1
sp_lex	C_6d8c80d45b70435ba181b2ac3370ad14	10	tienes	0
sp_lex	C_6d8c80d45b70435ba181b2ac3370ad14	10	un	0
sp_lex	C_6d8c80d45b70435ba181b2ac3370ad14	10	amigo	0
sp_lex	C_6d8c80d45b70435ba181b2ac3370ad14	10	que	0
sp_lex	C_6d8c80d45b70435ba181b2ac3370ad14	10	le	0
sp_lex	C_6d8c80d45b70435ba181b2ac3370ad14	10	gusta	0
sp_lex	C_6d8c80d45b70435ba181b2ac3370ad14	10	the	1
sp_lex	C_6d8c80d45b70435ba181b2ac3370ad14	10	nignt	2	1
sp_lex	C_6d8c80d45b70435ba181b2ac3370ad14	10	?	2
sp_lex	C_6d8c80d45b70435ba181b2ac3370ad14	11	no	0
sp_lex	C_6d8c80d45b70435ba181b2ac3370ad14	12	tienes	0
sp_lex	C_6d8c80d45b70435ba181b2ac3370ad14	12	un	0
sp_lex	C_6d8c80d45b70435ba181b2ac3370ad14	12	amigo	0
sp_lex	C_6d8c80d45b70435ba181b2ac3370ad14	12	que	0
sp_lex	C_6d8c80d45b70435ba181b2ac3370ad14	12	le	0
sp_lex	C_6d8c80d45b70435ba181b2ac3370ad14	12	gustan	0
sp_lex	C_6d8c80d45b70435ba181b2ac3370ad14	12	los	0
sp_lex	C_6d8c80d45b70435ba181b2ac3370ad14	12	sports	1
sp_lex	C_6d8c80d45b70435ba181b2ac3370ad14	12	?	2
sp_lex	C_6d8c80d45b70435ba181b2ac3370ad14	13	ohhh	2
sp_lex	C_6d8c80d45b70435ba181b2ac3370ad14	13	all	1
sp_lex	C_6d8c80d45b70435ba181b2ac3370ad14	13	good	1
sp_lex	C_6d8c80d45b70435ba181b2ac3370ad14	14	tengo	0
sp_lex	C_6d8c80d45b70435ba181b2ac3370ad14	14	un	0
sp_lex	C_6d8c80d45b70435ba181b2ac3370ad14	14	amigo	0
sp_lex	C_6d8c80d45b70435ba181b2ac3370ad14	14	que	0
sp_lex	C_6d8c80d45b70435ba181b2ac3370ad14	14	pasa	0
sp_lex	C_6d8c80d45b70435ba181b2ac3370ad14	14	tiempo	0
sp_lex	C_6d8c80d45b70435ba181b2ac3370ad14	14	in	1
sp_lex	C_6d8c80d45b70435ba181b2ac3370ad14	14	the	1
sp_lex	C_6d8c80d45b70435ba181b2ac3370ad14	14	morming	2	1
sp_lex	C_6d8c80d45b70435ba181b2ac3370ad14	15	tines	2	0
sp_lex	C_6d8c80d45b70435ba181b2ac3370ad14	15	un	0
sp_lex	C_6d8c80d45b70435ba181b2ac3370ad14	15	amigo	0
sp_lex	C_6d8c80d45b70435ba181b2ac3370ad14	15	que	0
sp_lex	C_6d8c80d45b70435ba181b2ac3370ad14	15	es	0
sp_lex	C_6d8c80d45b70435ba181b2ac3370ad14	15	ingeniero	2	0
sp_lex	C_6d8c80d45b70435ba181b2ac3370ad14	15	y	0
sp_lex	C_6d8c80d45b70435ba181b2ac3370ad14	15	le	0
sp_lex	C_6d8c80d45b70435ba181b2ac3370ad14	15	gusta	0
sp_lex	C_6d8c80d45b70435ba181b2ac3370ad14	15	la	0
sp_lex	C_6d8c80d45b70435ba181b2ac3370ad14	15	noche	0
sp_lex	C_6d8c80d45b70435ba181b2ac3370ad14	15	?	2
sp_lex	C_6d8c80d45b70435ba181b2ac3370ad14	16	ok	0	2
sp_lex	C_6d8c80d45b70435ba181b2ac3370ad14	17	me	0
sp_lex	C_6d8c80d45b70435ba181b2ac3370ad14	17	gustan	0
sp_lex	C_6d8c80d45b70435ba181b2ac3370ad14	17	los	0
sp_lex	C_6d8c80d45b70435ba181b2ac3370ad14	17	amigos	0
sp_lex	C_6d8c80d45b70435ba181b2ac3370ad14	17	que	0
sp_lex	C_6d8c80d45b70435ba181b2ac3370ad14	17	van	0
sp_lex	C_6d8c80d45b70435ba181b2ac3370ad14	17	las	0
sp_lex	C_6d8c80d45b70435ba181b2ac3370ad14	17	montanas	2	0
en_lex	C_f4671bf2da874d96a6720bf961249a63	0	buenas	0
en_lex	C_f4671bf2da874d96a6720bf961249a63	1	si	0
en_lex	C_f4671bf2da874d96a6720bf961249a63	1	tengo	0
en_lex	C_f4671bf2da874d96a6720bf961249a63	1	dos	0
en_lex	C_f4671bf2da874d96a6720bf961249a63	2	si	0
en_lex	C_f4671bf2da874d96a6720bf961249a63	2	tengo	0
en_lex	C_f4671bf2da874d96a6720bf961249a63	2	uno	0
en_lex	C_f4671bf2da874d96a6720bf961249a63	3	tienes	0
en_lex	C_f4671bf2da874d96a6720bf961249a63	3	amigo	0
en_lex	C_f4671bf2da874d96a6720bf961249a63	3	who	1
en_lex	C_f4671bf2da874d96a6720bf961249a63	3	likes	1
en_lex	C_f4671bf2da874d96a6720bf961249a63	3	to	1
en_lex	C_f4671bf2da874d96a6720bf961249a63	3	sing	2	1
en_lex	C_f4671bf2da874d96a6720bf961249a63	3	and	1
en_lex	C_f4671bf2da874d96a6720bf961249a63	3	works	1
en_lex	C_f4671bf2da874d96a6720bf961249a63	3	at	1
en_lex	C_f4671bf2da874d96a6720bf961249a63	3	la	0
en_lex	C_f4671bf2da874d96a6720bf961249a63	3	clinica	0
en_lex	C_f4671bf2da874d96a6720bf961249a63	3	?	2
en_lex	C_f4671bf2da874d96a6720bf961249a63	4	no	0
en_lex	C_f4671bf2da874d96a6720bf961249a63	4	nadie	0
en_lex	C_f4671bf2da874d96a6720bf961249a63	5	tienes	0
en_lex	C_f4671bf2da874d96a6720bf961249a63	5	amigos	0
en_lex	C_f4671bf2da874d96a6720bf961249a63	5	who	1
en_lex	C_f4671bf2da874d96a6720bf961249a63	5	work	1
en_lex	C_f4671bf2da874d96a6720bf961249a63	5	at	1
en_lex	C_f4671bf2da874d96a6720bf961249a63	5	the	1
en_lex	C_f4671bf2da874d96a6720bf961249a63	5	park	1
en_lex	C_f4671bf2da874d96a6720bf961249a63	5	and	1
en_lex	C_f4671bf2da874d96a6720bf961249a63	5	like	1
en_lex	C_f4671bf2da874d96a6720bf961249a63	5	dormir	0
en_lex	C_f4671bf2da874d96a6720bf961249a63	5	?	2
en_lex	C_f4671bf2da874d96a6720bf961249a63	6	no	0
en_lex	C_f4671bf2da874d96a6720bf961249a63	7	tienes	0
en_lex	C_f4671bf2da874d96a6720bf961249a63	7	amigo	0
en_lex	C_f4671bf2da874d96a6720bf961249a63	7	who	1
en_lex	C_f4671bf2da874d96a6720bf961249a63	7	works	1
en_lex	C_f4671bf2da874d96a6720bf961249a63	7	at	1
en_lex	C_f4671bf2da874d96a6720bf961249a63	7	the	1
en_lex	C_f4671bf2da874d96a6720bf961249a63	7	acuario	0
en_lex	C_f4671bf2da874d96a6720bf961249a63	7	?	2
en_lex	C_f4671bf2da874d96a6720bf961249a63	8	tienes	0
en_lex	C_f4671bf2da874d96a6720bf961249a63	8	amigo	0
en_lex	C_f4671bf2da874d96a6720bf961249a63	8	who	1
en_lex	C_f4671bf2da874d96a6720bf961249a63	8	works	1
en_lex	C_f4671bf2da874d96a6720bf961249a63	8	at	1
en_lex	C_f4671bf2da874d96a6720bf961249a63	8	el	0
en_lex	C_f4671bf2da874d96a6720bf961249a63	8	estudio	0
en_lex	C_f4671bf2da874d96a6720bf961249a63	8	de	0
en_lex	C_f4671bf2da874d96a6720bf961249a63	8	baile	0
en_lex	C_f4671bf2da874d96a6720bf961249a63	8	?	2
en_lex	C_f4671bf2da874d96a6720bf961249a63	9	tienes	0
en_lex	C_f4671bf2da874d96a6720bf961249a63	9	amigo	0
en_lex	C_f4671bf2da874d96a6720bf961249a63	9	who	1
en_lex	C_f4671bf2da874d96a6720bf961249a63	9	works	1
en_lex	C_f4671bf2da874d96a6720bf961249a63	9	at	1
en_lex	C_f4671bf2da874d96a6720bf961249a63	9	the	1
en_lex	C_f4671bf2da874d96a6720bf961249a63	9	museo	0
en_lex	C_f4671bf2da874d96a6720bf961249a63	9	?	2
en_lex	C_f4671bf2da874d96a6720bf961249a63	10	ningun	0
en_lex	C_f4671bf2da874d96a6720bf961249a63	10	amigo	0
en_lex	C_f4671bf2da874d96a6720bf961249a63	10	asi	0
en_lex	C_f4671bf2da874d96a6720bf961249a63	11	tienes	0
en_lex	C_f4671bf2da874d96a6720bf961249a63	11	amigo	0
en_lex	C_f4671bf2da874d96a6720bf961249a63	11	que	0
en_lex	C_f4671bf2da874d96a6720bf961249a63	11	trabaja	0
en_lex	C_f4671bf2da874d96a6720bf961249a63	11	en	0
en_lex	C_f4671bf2da874d96a6720bf961249a63	11	the	1
en_lex	C_f4671bf2da874d96a6720bf961249a63	11	hair	1
en_lex	C_f4671bf2da874d96a6720bf961249a63	11	salon	1
en_lex	C_f4671bf2da874d96a6720bf961249a63	12	tienes	0
en_lex	C_f4671bf2da874d96a6720bf961249a63	12	amigo	0
en_lex	C_f4671bf2da874d96a6720bf961249a63	12	who	1
en_lex	C_f4671bf2da874d96a6720bf961249a63	12	studied	1
en_lex	C_f4671bf2da874d96a6720bf961249a63	12	philosophy	1
en_lex	C_f4671bf2da874d96a6720bf961249a63	12	y	0
en_lex	C_f4671bf2da874d96a6720bf961249a63	12	trabaja	0
en_lex	C_f4671bf2da874d96a6720bf961249a63	12	en	0
en_lex	C_f4671bf2da874d96a6720bf961249a63	12	la	0
en_lex	C_f4671bf2da874d96a6720bf961249a63	12	clinica	0
en_lex	C_f4671bf2da874d96a6720bf961249a63	12	?	2
en_lex	C_f4671bf2da874d96a6720bf961249a63	13	tienes	0
en_lex	C_f4671bf2da874d96a6720bf961249a63	13	amigo	0
en_lex	C_f4671bf2da874d96a6720bf961249a63	13	who	1
en_lex	C_f4671bf2da874d96a6720bf961249a63	13	like	1
en_lex	C_f4671bf2da874d96a6720bf961249a63	13	dormir	0
en_lex	C_f4671bf2da874d96a6720bf961249a63	13	?	2
en_lex	C_f4671bf2da874d96a6720bf961249a63	14	tienes	0
en_lex	C_f4671bf2da874d96a6720bf961249a63	14	amigo	0
en_lex	C_f4671bf2da874d96a6720bf961249a63	14	who	1
en_lex	C_f4671bf2da874d96a6720bf961249a63	14	works	1
en_lex	C_f4671bf2da874d96a6720bf961249a63	14	en	0
en_lex	C_f4671bf2da874d96a6720bf961249a63	14	la	0
en_lex	C_f4671bf2da874d96a6720bf961249a63	14	fabrica	0
en_lex	C_f4671bf2da874d96a6720bf961249a63	14	?	2
en_lex	C_f4671bf2da874d96a6720bf961249a63	15	tienes	0
en_lex	C_f4671bf2da874d96a6720bf961249a63	15	amigo	0
en_lex	C_f4671bf2da874d96a6720bf961249a63	15	who	1
en_lex	C_f4671bf2da874d96a6720bf961249a63	15	studied	1
en_lex	C_f4671bf2da874d96a6720bf961249a63	15	planificacion	0
en_lex	C_f4671bf2da874d96a6720bf961249a63	15	urbana	0
en_lex	C_f4671bf2da874d96a6720bf961249a63	15	?	2
sp_lex	C_27fec78be0ef487eb23bb39479058fae	0	no	0
sp_lex	C_27fec78be0ef487eb23bb39479058fae	0	tengo	0
sp_lex	C_27fec78be0ef487eb23bb39479058fae	1	tienes	0
sp_lex	C_27fec78be0ef487eb23bb39479058fae	1	un	0
sp_lex	C_27fec78be0ef487eb23bb39479058fae	1	friend	1
sp_lex	C_27fec78be0ef487eb23bb39479058fae	1	que	0
sp_lex	C_27fec78be0ef487eb23bb39479058fae	1	le	0
sp_lex	C_27fec78be0ef487eb23bb39479058fae	1	gusta	0
sp_lex	C_27fec78be0ef487eb23bb39479058fae	1	hornear	0
sp_lex	C_27fec78be0ef487eb23bb39479058fae	1	?	2
sp_lex	C_27fec78be0ef487eb23bb39479058fae	2	si	0
sp_lex	C_27fec78be0ef487eb23bb39479058fae	2	tengo	0
sp_lex	C_27fec78be0ef487eb23bb39479058fae	2	un	0
sp_lex	C_27fec78be0ef487eb23bb39479058fae	2	friend	1
sp_lex	C_27fec78be0ef487eb23bb39479058fae	2	que	0
sp_lex	C_27fec78be0ef487eb23bb39479058fae	2	le	0
sp_lex	C_27fec78be0ef487eb23bb39479058fae	2	gusta	0
sp_lex	C_27fec78be0ef487eb23bb39479058fae	2	writing	1
sp_lex	C_27fec78be0ef487eb23bb39479058fae	2	u	1	0
sp_lex	C_27fec78be0ef487eb23bb39479058fae	2	trabaja	0
sp_lex	C_27fec78be0ef487eb23bb39479058fae	2	en	0
sp_lex	C_27fec78be0ef487eb23bb39479058fae	2	un	0
sp_lex	C_27fec78be0ef487eb23bb39479058fae	2	car	1
sp_lex	C_27fec78be0ef487eb23bb39479058fae	2	dealership	1
sp_lex	C_27fec78be0ef487eb23bb39479058fae	2	.	2
sp_lex	C_27fec78be0ef487eb23bb39479058fae	3	si	0
sp_lex	C_27fec78be0ef487eb23bb39479058fae	3	,	2
sp_lex	C_27fec78be0ef487eb23bb39479058fae	3	y	0
sp_lex	C_27fec78be0ef487eb23bb39479058fae	3	le	0
sp_lex	C_27fec78be0ef487eb23bb39479058fae	3	gusta	0
sp_lex	C_27fec78be0ef487eb23bb39479058fae	3	writing	1
sp_lex	C_27fec78be0ef487eb23bb39479058fae	3	,	2
sp_lex	C_27fec78be0ef487eb23bb39479058fae	3	y	0
sp_lex	C_27fec78be0ef487eb23bb39479058fae	3	estudio	0
sp_lex	C_27fec78be0ef487eb23bb39479058fae	3	historia	0
sp_lex	C_27fec78be0ef487eb23bb39479058fae	3	?	2
sp_lex	C_27fec78be0ef487eb23bb39479058fae	4	yo	0
sp_lex	C_27fec78be0ef487eb23bb39479058fae	4	tambiem	2	0
sp_lex	C_27fec78be0ef487eb23bb39479058fae	5	no	0
sp_lex	C_27fec78be0ef487eb23bb39479058fae	5	tengo	0
sp_lex	C_27fec78be0ef487eb23bb39479058fae	5	un	0
sp_lex	C_27fec78be0ef487eb23bb39479058fae	5	friend	1
sp_lex	C_27fec78be0ef487eb23bb39479058fae	5	asi	0
en_lex	C_2c5d8579bf7a469b802647f208b1b013	0	hola	0
en_lex	C_2c5d8579bf7a469b802647f208b1b013	0	partner	2
en_lex	C_2c5d8579bf7a469b802647f208b1b013	1	yes	1
en_lex	C_2c5d8579bf7a469b802647f208b1b013	1	,	2
en_lex	C_2c5d8579bf7a469b802647f208b1b013	1	i	1
en_lex	C_2c5d8579bf7a469b802647f208b1b013	1	have	1
en_lex	C_2c5d8579bf7a469b802647f208b1b013	1	one	1
en_lex	C_2c5d8579bf7a469b802647f208b1b013	1	y	0
en_lex	C_2c5d8579bf7a469b802647f208b1b013	1	estudio	0
en_lex	C_2c5d8579bf7a469b802647f208b1b013	1	farmacia	0
en_lex	C_2c5d8579bf7a469b802647f208b1b013	1	y	0
en_lex	C_2c5d8579bf7a469b802647f208b1b013	1	le	0
en_lex	C_2c5d8579bf7a469b802647f208b1b013	1	gusta	0
en_lex	C_2c5d8579bf7a469b802647f208b1b013	1	video	1
en_lex	C_2c5d8579bf7a469b802647f208b1b013	1	games	1
en_lex	C_2c5d8579bf7a469b802647f208b1b013	1	.	2
en_lex	C_2c5d8579bf7a469b802647f208b1b013	2	no	0
en_lex	C_2c5d8579bf7a469b802647f208b1b013	3	partner	2	1
en_lex	C_2c5d8579bf7a469b802647f208b1b013	3	do	1
en_lex	C_2c5d8579bf7a469b802647f208b1b013	3	you	1
en_lex	C_2c5d8579bf7a469b802647f208b1b013	3	have	1
en_lex	C_2c5d8579bf7a469b802647f208b1b013	3	un	0
en_lex	C_2c5d8579bf7a469b802647f208b1b013	3	amgio	2	0
en_lex	C_2c5d8579bf7a469b802647f208b1b013	3	que	0
en_lex	C_2c5d8579bf7a469b802647f208b1b013	3	estudio	0
en_lex	C_2c5d8579bf7a469b802647f208b1b013	3	arte	0
en_lex	C_2c5d8579bf7a469b802647f208b1b013	4	no	0
en_lex	C_2c5d8579bf7a469b802647f208b1b013	4	tengo	0
en_lex	C_2c5d8579bf7a469b802647f208b1b013	5	yo	0
en_lex	C_2c5d8579bf7a469b802647f208b1b013	5	no	0
en_lex	C_2c5d8579bf7a469b802647f208b1b013	5	tengo	0
en_lex	C_2c5d8579bf7a469b802647f208b1b013	6	yo	0
en_lex	C_2c5d8579bf7a469b802647f208b1b013	6	tengo	0
en_lex	C_2c5d8579bf7a469b802647f208b1b013	6	dos	0
en_lex	C_2c5d8579bf7a469b802647f208b1b013	6	que	0
en_lex	C_2c5d8579bf7a469b802647f208b1b013	6	le	0
en_lex	C_2c5d8579bf7a469b802647f208b1b013	6	gustan	0
en_lex	C_2c5d8579bf7a469b802647f208b1b013	6	puzzles	1
en_lex	C_2c5d8579bf7a469b802647f208b1b013	7	no	0
en_lex	C_2c5d8579bf7a469b802647f208b1b013	8	i	1
en_lex	C_2c5d8579bf7a469b802647f208b1b013	8	have	1
en_lex	C_2c5d8579bf7a469b802647f208b1b013	8	one	1
en_lex	C_2c5d8579bf7a469b802647f208b1b013	8	that	1
en_lex	C_2c5d8579bf7a469b802647f208b1b013	8	studies	1
en_lex	C_2c5d8579bf7a469b802647f208b1b013	8	espanol	0
en_lex	C_2c5d8579bf7a469b802647f208b1b013	8	y	0
en_lex	C_2c5d8579bf7a469b802647f208b1b013	8	le	0
en_lex	C_2c5d8579bf7a469b802647f208b1b013	8	gusta	0
en_lex	C_2c5d8579bf7a469b802647f208b1b013	8	dormir	0
en_lex	C_2c5d8579bf7a469b802647f208b1b013	9	si	0
en_lex	C_2c5d8579bf7a469b802647f208b1b013	9	tengo	0
en_lex	C_2c5d8579bf7a469b802647f208b1b013	9	uno	0
en_lex	C_2c5d8579bf7a469b802647f208b1b013	9	who	1
en_lex	C_2c5d8579bf7a469b802647f208b1b013	9	likes	1
en_lex	C_2c5d8579bf7a469b802647f208b1b013	9	manana	0
en_lex	C_2c5d8579bf7a469b802647f208b1b013	9	y	0
en_lex	C_2c5d8579bf7a469b802647f208b1b013	9	leer	0
sp_lex	C_ef2d478d42a240ebbcdd5921358df93c	0	tienen	0
sp_lex	C_ef2d478d42a240ebbcdd5921358df93c	0	un	0
sp_lex	C_ef2d478d42a240ebbcdd5921358df93c	0	amigo	0
sp_lex	C_ef2d478d42a240ebbcdd5921358df93c	0	que	0
sp_lex	C_ef2d478d42a240ebbcdd5921358df93c	0	estudia	2	0
sp_lex	C_ef2d478d42a240ebbcdd5921358df93c	0	filosfoa	2	0
sp_lex	C_ef2d478d42a240ebbcdd5921358df93c	0	en	0
sp_lex	C_ef2d478d42a240ebbcdd5921358df93c	0	la	0
sp_lex	C_ef2d478d42a240ebbcdd5921358df93c	0	noche	0
sp_lex	C_ef2d478d42a240ebbcdd5921358df93c	0	y	0
sp_lex	C_ef2d478d42a240ebbcdd5921358df93c	0	trabaja	0
sp_lex	C_ef2d478d42a240ebbcdd5921358df93c	0	en	0
sp_lex	C_ef2d478d42a240ebbcdd5921358df93c	0	oficina	0
sp_lex	C_ef2d478d42a240ebbcdd5921358df93c	0	?	2
sp_lex	C_ef2d478d42a240ebbcdd5921358df93c	1	yes	1
sp_lex	C_ef2d478d42a240ebbcdd5921358df93c	1	,	2
sp_lex	C_ef2d478d42a240ebbcdd5921358df93c	1	i	1
sp_lex	C_ef2d478d42a240ebbcdd5921358df93c	1	have	1
sp_lex	C_ef2d478d42a240ebbcdd5921358df93c	1	a	0	1
sp_lex	C_ef2d478d42a240ebbcdd5921358df93c	1	few	1
sp_lex	C_ef2d478d42a240ebbcdd5921358df93c	1	that	1
sp_lex	C_ef2d478d42a240ebbcdd5921358df93c	1	like	1
sp_lex	C_ef2d478d42a240ebbcdd5921358df93c	1	the	1
sp_lex	C_ef2d478d42a240ebbcdd5921358df93c	1	afternoon	1
sp_lex	C_ef2d478d42a240ebbcdd5921358df93c	1	.	2
sp_lex	C_ef2d478d42a240ebbcdd5921358df93c	2	nope	2	1
sp_lex	C_ef2d478d42a240ebbcdd5921358df93c	2	,	2
sp_lex	C_ef2d478d42a240ebbcdd5921358df93c	2	no	0	1
sp_lex	C_ef2d478d42a240ebbcdd5921358df93c	2	chemistry	1
sp_lex	C_ef2d478d42a240ebbcdd5921358df93c	2	at	1
sp_lex	C_ef2d478d42a240ebbcdd5921358df93c	2	all	1
sp_lex	C_ef2d478d42a240ebbcdd5921358df93c	2	.	2
sp_lex	C_ef2d478d42a240ebbcdd5921358df93c	3	no	0	1
sp_lex	C_ef2d478d42a240ebbcdd5921358df93c	3	,	2
sp_lex	C_ef2d478d42a240ebbcdd5921358df93c	3	no	0	1
sp_lex	C_ef2d478d42a240ebbcdd5921358df93c	3	chemistry	1
sp_lex	C_ef2d478d42a240ebbcdd5921358df93c	3	or	1
sp_lex	C_ef2d478d42a240ebbcdd5921358df93c	3	law	1
sp_lex	C_ef2d478d42a240ebbcdd5921358df93c	3	students	1
sp_lex	C_ef2d478d42a240ebbcdd5921358df93c	3	.	2
sp_lex	C_ef2d478d42a240ebbcdd5921358df93c	4	nope	2	1
sp_lex	C_ef2d478d42a240ebbcdd5921358df93c	4	that	1
sp_lex	C_ef2d478d42a240ebbcdd5921358df93c	4	s	2	1
sp_lex	C_ef2d478d42a240ebbcdd5921358df93c	4	not	1
sp_lex	C_ef2d478d42a240ebbcdd5921358df93c	4	right	1
sp_lex	C_ef2d478d42a240ebbcdd5921358df93c	4	.	2
sp_lex	C_ef2d478d42a240ebbcdd5921358df93c	5	oh	0	1
sp_lex	C_ef2d478d42a240ebbcdd5921358df93c	5	wait	2
sp_lex	C_ef2d478d42a240ebbcdd5921358df93c	5	i	1
sp_lex	C_ef2d478d42a240ebbcdd5921358df93c	5	do	1
sp_lex	C_ef2d478d42a240ebbcdd5921358df93c	5	hace	0
sp_lex	C_ef2d478d42a240ebbcdd5921358df93c	5	a	0	1
sp_lex	C_ef2d478d42a240ebbcdd5921358df93c	5	car	1
sp_lex	C_ef2d478d42a240ebbcdd5921358df93c	5	dealer	2	1
sp_lex	C_ef2d478d42a240ebbcdd5921358df93c	5	!	2
sp_lex	C_ef2d478d42a240ebbcdd5921358df93c	5	!	2
sp_lex	C_ef2d478d42a240ebbcdd5921358df93c	5	!	2
sp_lex	C_ef2d478d42a240ebbcdd5921358df93c	6	nope	2	1
sp_lex	C_ef2d478d42a240ebbcdd5921358df93c	6	...	2
sp_lex	C_ef2d478d42a240ebbcdd5921358df93c	6	not	1
sp_lex	C_ef2d478d42a240ebbcdd5921358df93c	6	it	1
sp_lex	C_ef2d478d42a240ebbcdd5921358df93c	6	...	2
sp_lex	C_ef2d478d42a240ebbcdd5921358df93c	6	i	1
sp_lex	C_ef2d478d42a240ebbcdd5921358df93c	6	have	1
sp_lex	C_ef2d478d42a240ebbcdd5921358df93c	6	no	0
sp_lex	C_ef2d478d42a240ebbcdd5921358df93c	6	onein	2	1
sp_lex	C_ef2d478d42a240ebbcdd5921358df93c	6	the	1
sp_lex	C_ef2d478d42a240ebbcdd5921358df93c	6	park	1
sp_lex	C_ef2d478d42a240ebbcdd5921358df93c	6	at	1
sp_lex	C_ef2d478d42a240ebbcdd5921358df93c	6	all	1
en_lex	C_5b7d88624759497fb05a1c49120fd6a9	0	hola	0
en_lex	C_5b7d88624759497fb05a1c49120fd6a9	1	yes	1
en_lex	C_5b7d88624759497fb05a1c49120fd6a9	1	un	0
en_lex	C_5b7d88624759497fb05a1c49120fd6a9	1	amigo	0
en_lex	C_5b7d88624759497fb05a1c49120fd6a9	1	studied	1
en_lex	C_5b7d88624759497fb05a1c49120fd6a9	1	periodismo	0
en_lex	C_5b7d88624759497fb05a1c49120fd6a9	2	i	1
en_lex	C_5b7d88624759497fb05a1c49120fd6a9	2	have	1
en_lex	C_5b7d88624759497fb05a1c49120fd6a9	2	1	2
en_lex	C_5b7d88624759497fb05a1c49120fd6a9	2	amigo	0
en_lex	C_5b7d88624759497fb05a1c49120fd6a9	2	who	1
en_lex	C_5b7d88624759497fb05a1c49120fd6a9	2	likes	1
en_lex	C_5b7d88624759497fb05a1c49120fd6a9	2	actuar	0
en_lex	C_5b7d88624759497fb05a1c49120fd6a9	3	no	0
en_lex	C_5b7d88624759497fb05a1c49120fd6a9	3	,	2
en_lex	C_5b7d88624759497fb05a1c49120fd6a9	3	non	1
en_lex	C_5b7d88624759497fb05a1c49120fd6a9	3	of	1
en_lex	C_5b7d88624759497fb05a1c49120fd6a9	3	my	1
en_lex	C_5b7d88624759497fb05a1c49120fd6a9	3	amigos	0
en_lex	C_5b7d88624759497fb05a1c49120fd6a9	3	do	1
en_lex	C_5b7d88624759497fb05a1c49120fd6a9	3	that	1
en_lex	C_5b7d88624759497fb05a1c49120fd6a9	4	si	0
en_lex	C_5b7d88624759497fb05a1c49120fd6a9	4	,	2
en_lex	C_5b7d88624759497fb05a1c49120fd6a9	4	un	0
en_lex	C_5b7d88624759497fb05a1c49120fd6a9	4	amigo	0
en_lex	C_5b7d88624759497fb05a1c49120fd6a9	4	study	1
en_lex	C_5b7d88624759497fb05a1c49120fd6a9	4	japones	0
en_lex	C_5b7d88624759497fb05a1c49120fd6a9	5	he	0
en_lex	C_5b7d88624759497fb05a1c49120fd6a9	5	also	1
en_lex	C_5b7d88624759497fb05a1c49120fd6a9	5	likes	1
en_lex	C_5b7d88624759497fb05a1c49120fd6a9	5	escribir	0
en_lex	C_5b7d88624759497fb05a1c49120fd6a9	6	do	1
en_lex	C_5b7d88624759497fb05a1c49120fd6a9	6	you	1
en_lex	C_5b7d88624759497fb05a1c49120fd6a9	6	have	1
en_lex	C_5b7d88624759497fb05a1c49120fd6a9	6	any	1
en_lex	C_5b7d88624759497fb05a1c49120fd6a9	6	amigo	0
en_lex	C_5b7d88624759497fb05a1c49120fd6a9	6	that	1
en_lex	C_5b7d88624759497fb05a1c49120fd6a9	6	likes	1
en_lex	C_5b7d88624759497fb05a1c49120fd6a9	6	sports	1
en_lex	C_5b7d88624759497fb05a1c49120fd6a9	6	?	2
en_lex	C_5b7d88624759497fb05a1c49120fd6a9	7	i	1
en_lex	C_5b7d88624759497fb05a1c49120fd6a9	7	have	1
en_lex	C_5b7d88624759497fb05a1c49120fd6a9	7	no	0	1
en_lex	C_5b7d88624759497fb05a1c49120fd6a9	7	amigos	0
en_lex	C_5b7d88624759497fb05a1c49120fd6a9	7	doing	1
en_lex	C_5b7d88624759497fb05a1c49120fd6a9	7	that	1
en_lex	C_5b7d88624759497fb05a1c49120fd6a9	8	i	1
en_lex	C_5b7d88624759497fb05a1c49120fd6a9	8	have	1
en_lex	C_5b7d88624759497fb05a1c49120fd6a9	8	1	2
en_lex	C_5b7d88624759497fb05a1c49120fd6a9	8	amigo	0
en_lex	C_5b7d88624759497fb05a1c49120fd6a9	8	who	1
en_lex	C_5b7d88624759497fb05a1c49120fd6a9	8	studied	1
en_lex	C_5b7d88624759497fb05a1c49120fd6a9	8	enfermeria	0
en_lex	C_5b7d88624759497fb05a1c49120fd6a9	9	no	0
en_lex	C_5b7d88624759497fb05a1c49120fd6a9	9	amigo	0
en_lex	C_5b7d88624759497fb05a1c49120fd6a9	9	does	1
en_lex	C_5b7d88624759497fb05a1c49120fd6a9	9	that	1
en_lex	C_5b7d88624759497fb05a1c49120fd6a9	10	yes	1
en_lex	C_5b7d88624759497fb05a1c49120fd6a9	10	1	2
en_lex	C_5b7d88624759497fb05a1c49120fd6a9	10	amigo	0
en_lex	C_5b7d88624759497fb05a1c49120fd6a9	10	did	1
sp_lex	C_679ea13539784367a128a2a4703f3f92	0	hola	0
sp_lex	C_679ea13539784367a128a2a4703f3f92	1	chevere	2	0
sp_lex	C_679ea13539784367a128a2a4703f3f92	1	yo	0
sp_lex	C_679ea13539784367a128a2a4703f3f92	1	tambien	0
sp_lex	C_679ea13539784367a128a2a4703f3f92	1	tengo	0
sp_lex	C_679ea13539784367a128a2a4703f3f92	1	amigos	0
sp_lex	C_679ea13539784367a128a2a4703f3f92	1	que	0
sp_lex	C_679ea13539784367a128a2a4703f3f92	1	le	0
sp_lex	C_679ea13539784367a128a2a4703f3f92	1	gusta	0
sp_lex	C_679ea13539784367a128a2a4703f3f92	1	leer	0
sp_lex	C_679ea13539784367a128a2a4703f3f92	1	en	0
sp_lex	C_679ea13539784367a128a2a4703f3f92	1	la	0
sp_lex	C_679ea13539784367a128a2a4703f3f92	1	tarde	0
sp_lex	C_679ea13539784367a128a2a4703f3f92	2	yo	0
sp_lex	C_679ea13539784367a128a2a4703f3f92	2	tengo	0
sp_lex	C_679ea13539784367a128a2a4703f3f92	2	amigo	0
sp_lex	C_679ea13539784367a128a2a4703f3f92	2	que	0
sp_lex	C_679ea13539784367a128a2a4703f3f92	2	les	0
sp_lex	C_679ea13539784367a128a2a4703f3f92	2	gusta	0
sp_lex	C_679ea13539784367a128a2a4703f3f92	2	el	0
sp_lex	C_679ea13539784367a128a2a4703f3f92	2	periodismo	0
sp_lex	C_679ea13539784367a128a2a4703f3f92	3	y	0
sp_lex	C_679ea13539784367a128a2a4703f3f92	3	que	0
sp_lex	C_679ea13539784367a128a2a4703f3f92	3	le	0
sp_lex	C_679ea13539784367a128a2a4703f3f92	3	gusta	0
sp_lex	C_679ea13539784367a128a2a4703f3f92	3	hacer	0
sp_lex	C_679ea13539784367a128a2a4703f3f92	3	en	0
sp_lex	C_679ea13539784367a128a2a4703f3f92	3	el	0
sp_lex	C_679ea13539784367a128a2a4703f3f92	3	afternoon	1
sp_lex	C_679ea13539784367a128a2a4703f3f92	3	a	0
sp_lex	C_679ea13539784367a128a2a4703f3f92	3	tus	0
sp_lex	C_679ea13539784367a128a2a4703f3f92	3	amigos	0
sp_lex	C_679ea13539784367a128a2a4703f3f92	3	?	2
sp_lex	C_679ea13539784367a128a2a4703f3f92	4	que	0
sp_lex	C_679ea13539784367a128a2a4703f3f92	4	tipo	0
sp_lex	C_679ea13539784367a128a2a4703f3f92	4	de	0
sp_lex	C_679ea13539784367a128a2a4703f3f92	4	arte	0
sp_lex	C_679ea13539784367a128a2a4703f3f92	4	le	0
sp_lex	C_679ea13539784367a128a2a4703f3f92	4	gusta	0
sp_lex	C_679ea13539784367a128a2a4703f3f92	4	a	0
sp_lex	C_679ea13539784367a128a2a4703f3f92	4	tus	0
sp_lex	C_679ea13539784367a128a2a4703f3f92	4	2	2
sp_lex	C_679ea13539784367a128a2a4703f3f92	4	friends	1
sp_lex	C_679ea13539784367a128a2a4703f3f92	4	?	2
sp_lex	C_679ea13539784367a128a2a4703f3f92	5	tengo	0
sp_lex	C_679ea13539784367a128a2a4703f3f92	5	amigos	0
sp_lex	C_679ea13539784367a128a2a4703f3f92	5	le	0
sp_lex	C_679ea13539784367a128a2a4703f3f92	5	gusta	0
sp_lex	C_679ea13539784367a128a2a4703f3f92	5	actuar	0
sp_lex	C_679ea13539784367a128a2a4703f3f92	6	do	1
sp_lex	C_679ea13539784367a128a2a4703f3f92	6	you	1
sp_lex	C_679ea13539784367a128a2a4703f3f92	6	have	1
sp_lex	C_679ea13539784367a128a2a4703f3f92	6	friends	1
sp_lex	C_679ea13539784367a128a2a4703f3f92	6	que	0
sp_lex	C_679ea13539784367a128a2a4703f3f92	6	les	0
sp_lex	C_679ea13539784367a128a2a4703f3f92	6	gusta	0
sp_lex	C_679ea13539784367a128a2a4703f3f92	6	cantar	0
sp_lex	C_679ea13539784367a128a2a4703f3f92	6	?	2
sp_lex	C_679ea13539784367a128a2a4703f3f92	7	i	1
sp_lex	C_679ea13539784367a128a2a4703f3f92	7	have	1
sp_lex	C_679ea13539784367a128a2a4703f3f92	7	friends	1
sp_lex	C_679ea13539784367a128a2a4703f3f92	7	que	0
sp_lex	C_679ea13539784367a128a2a4703f3f92	7	les	0
sp_lex	C_679ea13539784367a128a2a4703f3f92	7	gusta	0
sp_lex	C_679ea13539784367a128a2a4703f3f92	7	cantar	0
sp_lex	C_679ea13539784367a128a2a4703f3f92	7	en	0
sp_lex	C_679ea13539784367a128a2a4703f3f92	7	la	0
sp_lex	C_679ea13539784367a128a2a4703f3f92	7	tarde	0
sp_lex	C_679ea13539784367a128a2a4703f3f92	8	no	0
sp_lex	C_679ea13539784367a128a2a4703f3f92	8	tengo	0
sp_lex	C_679ea13539784367a128a2a4703f3f92	8	friends	1
sp_lex	C_679ea13539784367a128a2a4703f3f92	8	le	0
sp_lex	C_679ea13539784367a128a2a4703f3f92	8	gusten	0
sp_lex	C_679ea13539784367a128a2a4703f3f92	8	los	0
sp_lex	C_679ea13539784367a128a2a4703f3f92	8	puzzles	1
sp_lex	C_679ea13539784367a128a2a4703f3f92	8	ni	0
sp_lex	C_679ea13539784367a128a2a4703f3f92	8	la	0
sp_lex	C_679ea13539784367a128a2a4703f3f92	8	morning	1
sp_lex	C_047e1f32f5224da1a39920e36f831282	0	buenas	0
sp_lex	C_047e1f32f5224da1a39920e36f831282	1	tienes	0
sp_lex	C_047e1f32f5224da1a39920e36f831282	1	amigos	0
sp_lex	C_047e1f32f5224da1a39920e36f831282	1	que	0
sp_lex	C_047e1f32f5224da1a39920e36f831282	1	trabaja	0
sp_lex	C_047e1f32f5224da1a39920e36f831282	1	at	1
sp_lex	C_047e1f32f5224da1a39920e36f831282	1	home	1
sp_lex	C_047e1f32f5224da1a39920e36f831282	1	?	2
sp_lex	C_047e1f32f5224da1a39920e36f831282	2	tienes	0
sp_lex	C_047e1f32f5224da1a39920e36f831282	2	amigos	0
sp_lex	C_047e1f32f5224da1a39920e36f831282	2	who	1
sp_lex	C_047e1f32f5224da1a39920e36f831282	2	work	1
sp_lex	C_047e1f32f5224da1a39920e36f831282	2	at	1
sp_lex	C_047e1f32f5224da1a39920e36f831282	2	the	1
sp_lex	C_047e1f32f5224da1a39920e36f831282	2	acuario	0
sp_lex	C_047e1f32f5224da1a39920e36f831282	3	si	0
sp_lex	C_047e1f32f5224da1a39920e36f831282	3	tengo	0
sp_lex	C_047e1f32f5224da1a39920e36f831282	3	amigo	0
sp_lex	C_047e1f32f5224da1a39920e36f831282	3	who	1
sp_lex	C_047e1f32f5224da1a39920e36f831282	3	works	1
sp_lex	C_047e1f32f5224da1a39920e36f831282	3	at	1
sp_lex	C_047e1f32f5224da1a39920e36f831282	3	the	1
sp_lex	C_047e1f32f5224da1a39920e36f831282	3	acuario	0
sp_lex	C_047e1f32f5224da1a39920e36f831282	4	no	0
sp_lex	C_047e1f32f5224da1a39920e36f831282	4	,	2
sp_lex	C_047e1f32f5224da1a39920e36f831282	4	ningun	0
sp_lex	C_047e1f32f5224da1a39920e36f831282	4	amigo	0
sp_lex	C_047e1f32f5224da1a39920e36f831282	5	tienes	0
sp_lex	C_047e1f32f5224da1a39920e36f831282	5	amigo	0
sp_lex	C_047e1f32f5224da1a39920e36f831282	5	who	1
sp_lex	C_047e1f32f5224da1a39920e36f831282	5	works	1
sp_lex	C_047e1f32f5224da1a39920e36f831282	5	en	0
sp_lex	C_047e1f32f5224da1a39920e36f831282	5	el	0
sp_lex	C_047e1f32f5224da1a39920e36f831282	5	acuario	0
sp_lex	C_047e1f32f5224da1a39920e36f831282	5	?	2
sp_lex	C_047e1f32f5224da1a39920e36f831282	6	tienes	0
sp_lex	C_047e1f32f5224da1a39920e36f831282	6	amigos	0
sp_lex	C_047e1f32f5224da1a39920e36f831282	6	who	1
sp_lex	C_047e1f32f5224da1a39920e36f831282	6	like	1
sp_lex	C_047e1f32f5224da1a39920e36f831282	6	to	1
sp_lex	C_047e1f32f5224da1a39920e36f831282	6	leer	0
sp_lex	C_047e1f32f5224da1a39920e36f831282	6	?	2
sp_lex	C_047e1f32f5224da1a39920e36f831282	7	tienes	0
sp_lex	C_047e1f32f5224da1a39920e36f831282	7	amigos	0
sp_lex	C_047e1f32f5224da1a39920e36f831282	7	who	1
sp_lex	C_047e1f32f5224da1a39920e36f831282	7	like	1
sp_lex	C_047e1f32f5224da1a39920e36f831282	7	coser	0
sp_lex	C_047e1f32f5224da1a39920e36f831282	7	?	2
sp_lex	C_527d7b9784c446b9bccf746bd799abca	0	no	0
sp_lex	C_527d7b9784c446b9bccf746bd799abca	0	,	2
sp_lex	C_527d7b9784c446b9bccf746bd799abca	0	no	0
sp_lex	C_527d7b9784c446b9bccf746bd799abca	0	lo	0
sp_lex	C_527d7b9784c446b9bccf746bd799abca	0	tengo	0
sp_lex	C_527d7b9784c446b9bccf746bd799abca	1	no	0
sp_lex	C_527d7b9784c446b9bccf746bd799abca	1	,	2
sp_lex	C_527d7b9784c446b9bccf746bd799abca	1	no	0
sp_lex	C_527d7b9784c446b9bccf746bd799abca	1	los	0
sp_lex	C_527d7b9784c446b9bccf746bd799abca	1	tengo	0
sp_lex	C_527d7b9784c446b9bccf746bd799abca	2	tengo	0
sp_lex	C_527d7b9784c446b9bccf746bd799abca	2	dos	0
sp_lex	C_527d7b9784c446b9bccf746bd799abca	2	amigos	0
sp_lex	C_527d7b9784c446b9bccf746bd799abca	2	que	0
sp_lex	C_527d7b9784c446b9bccf746bd799abca	2	trabajan	0
sp_lex	C_527d7b9784c446b9bccf746bd799abca	2	en	0
sp_lex	C_527d7b9784c446b9bccf746bd799abca	2	urban	1
sp_lex	C_527d7b9784c446b9bccf746bd799abca	2	planning	1
sp_lex	C_527d7b9784c446b9bccf746bd799abca	3	oops	2
sp_lex	C_527d7b9784c446b9bccf746bd799abca	3	perdon	0
sp_lex	C_527d7b9784c446b9bccf746bd799abca	3	,	2
sp_lex	C_527d7b9784c446b9bccf746bd799abca	3	tengo	0
sp_lex	C_527d7b9784c446b9bccf746bd799abca	3	dos	0
sp_lex	C_527d7b9784c446b9bccf746bd799abca	3	amigos	0
sp_lex	C_527d7b9784c446b9bccf746bd799abca	3	que	0
sp_lex	C_527d7b9784c446b9bccf746bd799abca	3	estudian	2
sp_lex	C_527d7b9784c446b9bccf746bd799abca	3	urban	1
sp_lex	C_527d7b9784c446b9bccf746bd799abca	3	planning	1
sp_lex	C_527d7b9784c446b9bccf746bd799abca	4	no	0
sp_lex	C_527d7b9784c446b9bccf746bd799abca	4	tengo	0
sp_lex	C_527d7b9784c446b9bccf746bd799abca	4	amigos	0
sp_lex	C_527d7b9784c446b9bccf746bd799abca	4	que	0
sp_lex	C_527d7b9784c446b9bccf746bd799abca	4	work	1
sp_lex	C_527d7b9784c446b9bccf746bd799abca	4	en	0
sp_lex	C_527d7b9784c446b9bccf746bd799abca	4	el	0
sp_lex	C_527d7b9784c446b9bccf746bd799abca	4	museum	1
sp_lex	C_527d7b9784c446b9bccf746bd799abca	5	tengo	0
sp_lex	C_527d7b9784c446b9bccf746bd799abca	5	dos	0
sp_lex	C_527d7b9784c446b9bccf746bd799abca	5	amigos	0
sp_lex	C_527d7b9784c446b9bccf746bd799abca	5	que	0
sp_lex	C_527d7b9784c446b9bccf746bd799abca	5	les	0
sp_lex	C_527d7b9784c446b9bccf746bd799abca	5	gusta	0
sp_lex	C_527d7b9784c446b9bccf746bd799abca	5	los	0
sp_lex	C_527d7b9784c446b9bccf746bd799abca	5	puzzles	1
en_lex	C_a5c5bacae08f4993a9006b9f11ed8dc7	0	hola	0
en_lex	C_a5c5bacae08f4993a9006b9f11ed8dc7	1	i	1
en_lex	C_a5c5bacae08f4993a9006b9f11ed8dc7	1	have	1
en_lex	C_a5c5bacae08f4993a9006b9f11ed8dc7	1	one	1
en_lex	C_a5c5bacae08f4993a9006b9f11ed8dc7	1	amigo	0
en_lex	C_a5c5bacae08f4993a9006b9f11ed8dc7	1	que	0
en_lex	C_a5c5bacae08f4993a9006b9f11ed8dc7	1	trabaja	0
en_lex	C_a5c5bacae08f4993a9006b9f11ed8dc7	1	en	0
en_lex	C_a5c5bacae08f4993a9006b9f11ed8dc7	1	el	0
en_lex	C_a5c5bacae08f4993a9006b9f11ed8dc7	1	acuario	0
en_lex	C_a5c5bacae08f4993a9006b9f11ed8dc7	2	tengo	0
en_lex	C_a5c5bacae08f4993a9006b9f11ed8dc7	2	1	2
en_lex	C_a5c5bacae08f4993a9006b9f11ed8dc7	2	amigo	0
en_lex	C_a5c5bacae08f4993a9006b9f11ed8dc7	2	que	0
en_lex	C_a5c5bacae08f4993a9006b9f11ed8dc7	2	trabaja	0
en_lex	C_a5c5bacae08f4993a9006b9f11ed8dc7	2	noches	0
en_lex	C_a5c5bacae08f4993a9006b9f11ed8dc7	2	en	0
en_lex	C_a5c5bacae08f4993a9006b9f11ed8dc7	2	el	0
en_lex	C_a5c5bacae08f4993a9006b9f11ed8dc7	2	aeropuerto	0
en_lex	C_a5c5bacae08f4993a9006b9f11ed8dc7	3	tengo	0
en_lex	C_a5c5bacae08f4993a9006b9f11ed8dc7	3	un	0
en_lex	C_a5c5bacae08f4993a9006b9f11ed8dc7	3	amigo	0
en_lex	C_a5c5bacae08f4993a9006b9f11ed8dc7	3	que	0
en_lex	C_a5c5bacae08f4993a9006b9f11ed8dc7	3	trabaja	0
en_lex	C_a5c5bacae08f4993a9006b9f11ed8dc7	3	noche	0
en_lex	C_a5c5bacae08f4993a9006b9f11ed8dc7	3	en	0
en_lex	C_a5c5bacae08f4993a9006b9f11ed8dc7	3	la	0
en_lex	C_a5c5bacae08f4993a9006b9f11ed8dc7	3	clinica	0
en_lex	C_a5c5bacae08f4993a9006b9f11ed8dc7	4	do	1
en_lex	C_a5c5bacae08f4993a9006b9f11ed8dc7	4	you	1
en_lex	C_a5c5bacae08f4993a9006b9f11ed8dc7	4	have	1
en_lex	C_a5c5bacae08f4993a9006b9f11ed8dc7	4	un	0
en_lex	C_a5c5bacae08f4993a9006b9f11ed8dc7	4	amigo	0
en_lex	C_a5c5bacae08f4993a9006b9f11ed8dc7	4	that	1
en_lex	C_a5c5bacae08f4993a9006b9f11ed8dc7	4	work	1
en_lex	C_a5c5bacae08f4993a9006b9f11ed8dc7	4	in	1
en_lex	C_a5c5bacae08f4993a9006b9f11ed8dc7	4	la	0
en_lex	C_a5c5bacae08f4993a9006b9f11ed8dc7	4	estacion	0
en_lex	C_a5c5bacae08f4993a9006b9f11ed8dc7	4	del	0
en_lex	C_a5c5bacae08f4993a9006b9f11ed8dc7	4	train	1
en_lex	C_a5c5bacae08f4993a9006b9f11ed8dc7	4	?	2
en_lex	C_a5c5bacae08f4993a9006b9f11ed8dc7	5	tienes	0
en_lex	C_a5c5bacae08f4993a9006b9f11ed8dc7	5	un	0
en_lex	C_a5c5bacae08f4993a9006b9f11ed8dc7	5	amigo	0
en_lex	C_a5c5bacae08f4993a9006b9f11ed8dc7	5	that	1
en_lex	C_a5c5bacae08f4993a9006b9f11ed8dc7	5	sell	1
en_lex	C_a5c5bacae08f4993a9006b9f11ed8dc7	5	houses	2
en_lex	C_a5c5bacae08f4993a9006b9f11ed8dc7	5	?	2
en_lex	C_a5c5bacae08f4993a9006b9f11ed8dc7	6	do	1
en_lex	C_a5c5bacae08f4993a9006b9f11ed8dc7	6	you	1
en_lex	C_a5c5bacae08f4993a9006b9f11ed8dc7	6	have	1
en_lex	C_a5c5bacae08f4993a9006b9f11ed8dc7	6	a	0
en_lex	C_a5c5bacae08f4993a9006b9f11ed8dc7	6	friend	1
en_lex	C_a5c5bacae08f4993a9006b9f11ed8dc7	6	que	0
en_lex	C_a5c5bacae08f4993a9006b9f11ed8dc7	6	trabaja	0
en_lex	C_a5c5bacae08f4993a9006b9f11ed8dc7	6	en	0
en_lex	C_a5c5bacae08f4993a9006b9f11ed8dc7	6	el	0
en_lex	C_a5c5bacae08f4993a9006b9f11ed8dc7	6	museo	0
en_lex	C_a5c5bacae08f4993a9006b9f11ed8dc7	6	?	2
en_lex	C_a5c5bacae08f4993a9006b9f11ed8dc7	7	no	0
en_lex	C_a5c5bacae08f4993a9006b9f11ed8dc7	7	tengo	0
en_lex	C_a5c5bacae08f4993a9006b9f11ed8dc7	7	friends	1
en_lex	C_a5c5bacae08f4993a9006b9f11ed8dc7	7	que	0
en_lex	C_a5c5bacae08f4993a9006b9f11ed8dc7	7	trabajan	0
en_lex	C_a5c5bacae08f4993a9006b9f11ed8dc7	7	en	0
en_lex	C_a5c5bacae08f4993a9006b9f11ed8dc7	7	la	0
en_lex	C_a5c5bacae08f4993a9006b9f11ed8dc7	7	playa	0
en_lex	C_a5c5bacae08f4993a9006b9f11ed8dc7	8	si	0
en_lex	C_a5c5bacae08f4993a9006b9f11ed8dc7	8	tengo	0
en_lex	C_a5c5bacae08f4993a9006b9f11ed8dc7	8	2	2
en_lex	C_a5c5bacae08f4993a9006b9f11ed8dc7	8	amigos	0
en_lex	C_a5c5bacae08f4993a9006b9f11ed8dc7	8	that	1
en_lex	C_a5c5bacae08f4993a9006b9f11ed8dc7	8	work	1
en_lex	C_a5c5bacae08f4993a9006b9f11ed8dc7	8	in	1
en_lex	C_a5c5bacae08f4993a9006b9f11ed8dc7	8	the	1
en_lex	C_a5c5bacae08f4993a9006b9f11ed8dc7	8	airport	1
sp_lex	C_0fd2b1365a86401fa2150dc3a35aa9a5	0	buenas	0
sp_lex	C_0fd2b1365a86401fa2150dc3a35aa9a5	1	no	0
sp_lex	C_0fd2b1365a86401fa2150dc3a35aa9a5	1	,	2
sp_lex	C_0fd2b1365a86401fa2150dc3a35aa9a5	1	pero	0
sp_lex	C_0fd2b1365a86401fa2150dc3a35aa9a5	1	tengo	0
sp_lex	C_0fd2b1365a86401fa2150dc3a35aa9a5	1	tres	0
sp_lex	C_0fd2b1365a86401fa2150dc3a35aa9a5	1	friends	1
sp_lex	C_0fd2b1365a86401fa2150dc3a35aa9a5	1	que	0
sp_lex	C_0fd2b1365a86401fa2150dc3a35aa9a5	1	hayan	2
sp_lex	C_0fd2b1365a86401fa2150dc3a35aa9a5	1	estudiado	2
sp_lex	C_0fd2b1365a86401fa2150dc3a35aa9a5	1	mathematics	1
sp_lex	C_0fd2b1365a86401fa2150dc3a35aa9a5	1	.	2
sp_lex	C_0fd2b1365a86401fa2150dc3a35aa9a5	2	tengo	0
sp_lex	C_0fd2b1365a86401fa2150dc3a35aa9a5	2	dos	0
sp_lex	C_0fd2b1365a86401fa2150dc3a35aa9a5	2	amigos	0
sp_lex	C_0fd2b1365a86401fa2150dc3a35aa9a5	2	a	0
sp_lex	C_0fd2b1365a86401fa2150dc3a35aa9a5	2	quienes	0
sp_lex	C_0fd2b1365a86401fa2150dc3a35aa9a5	2	les	0
sp_lex	C_0fd2b1365a86401fa2150dc3a35aa9a5	2	gustan	0
sp_lex	C_0fd2b1365a86401fa2150dc3a35aa9a5	2	los	0
sp_lex	C_0fd2b1365a86401fa2150dc3a35aa9a5	2	rompecabezas	0
sp_lex	C_0fd2b1365a86401fa2150dc3a35aa9a5	3	tengo	0
sp_lex	C_0fd2b1365a86401fa2150dc3a35aa9a5	3	dos	0
sp_lex	C_0fd2b1365a86401fa2150dc3a35aa9a5	3	amigos	0
sp_lex	C_0fd2b1365a86401fa2150dc3a35aa9a5	3	a	0
sp_lex	C_0fd2b1365a86401fa2150dc3a35aa9a5	3	quienes	0
sp_lex	C_0fd2b1365a86401fa2150dc3a35aa9a5	3	les	0
sp_lex	C_0fd2b1365a86401fa2150dc3a35aa9a5	3	gustan	0
sp_lex	C_0fd2b1365a86401fa2150dc3a35aa9a5	3	graphic	1
sp_lex	C_0fd2b1365a86401fa2150dc3a35aa9a5	3	design	1
sp_lex	C_0fd2b1365a86401fa2150dc3a35aa9a5	3	por	0
sp_lex	C_0fd2b1365a86401fa2150dc3a35aa9a5	3	la	0
sp_lex	C_0fd2b1365a86401fa2150dc3a35aa9a5	3	noche	0
sp_lex	C_0fd2b1365a86401fa2150dc3a35aa9a5	4	no	0
sp_lex	C_0fd2b1365a86401fa2150dc3a35aa9a5	4	tengo	0
sp_lex	C_0fd2b1365a86401fa2150dc3a35aa9a5	4	ningun	0
sp_lex	C_0fd2b1365a86401fa2150dc3a35aa9a5	4	amigo	0
sp_lex	C_0fd2b1365a86401fa2150dc3a35aa9a5	4	asi	0
sp_lex	C_0fd2b1365a86401fa2150dc3a35aa9a5	5	tengo	0
sp_lex	C_0fd2b1365a86401fa2150dc3a35aa9a5	5	un	0
sp_lex	C_0fd2b1365a86401fa2150dc3a35aa9a5	5	amigo	0
sp_lex	C_0fd2b1365a86401fa2150dc3a35aa9a5	5	que	0
sp_lex	C_0fd2b1365a86401fa2150dc3a35aa9a5	5	tiene	0
sp_lex	C_0fd2b1365a86401fa2150dc3a35aa9a5	5	especialidad	2	0
sp_lex	C_0fd2b1365a86401fa2150dc3a35aa9a5	5	de	0
sp_lex	C_0fd2b1365a86401fa2150dc3a35aa9a5	5	management	1
sp_lex	C_0fd2b1365a86401fa2150dc3a35aa9a5	5	que	0
sp_lex	C_0fd2b1365a86401fa2150dc3a35aa9a5	5	le	0
sp_lex	C_0fd2b1365a86401fa2150dc3a35aa9a5	5	gusta	0
sp_lex	C_0fd2b1365a86401fa2150dc3a35aa9a5	5	bailar	0
sp_lex	C_0fd2b1365a86401fa2150dc3a35aa9a5	5	.	2
sp_lex	C_0fd2b1365a86401fa2150dc3a35aa9a5	6	tengo	0
sp_lex	C_0fd2b1365a86401fa2150dc3a35aa9a5	6	dos	0
sp_lex	C_0fd2b1365a86401fa2150dc3a35aa9a5	6	amigos	0
sp_lex	C_0fd2b1365a86401fa2150dc3a35aa9a5	6	que	0
sp_lex	C_0fd2b1365a86401fa2150dc3a35aa9a5	6	tiene	0
sp_lex	C_0fd2b1365a86401fa2150dc3a35aa9a5	6	especialidad	2	0
sp_lex	C_0fd2b1365a86401fa2150dc3a35aa9a5	6	education	1
en_lex	C_006d4446a4a341869ca0aa84698ec59d	0	como	0
en_lex	C_006d4446a4a341869ca0aa84698ec59d	0	vas	0
en_lex	C_006d4446a4a341869ca0aa84698ec59d	0	?	2
en_lex	C_006d4446a4a341869ca0aa84698ec59d	1	do	1
en_lex	C_006d4446a4a341869ca0aa84698ec59d	1	you	1
en_lex	C_006d4446a4a341869ca0aa84698ec59d	1	have	1
en_lex	C_006d4446a4a341869ca0aa84698ec59d	1	any	1
en_lex	C_006d4446a4a341869ca0aa84698ec59d	1	amigo	0
en_lex	C_006d4446a4a341869ca0aa84698ec59d	1	que	0
en_lex	C_006d4446a4a341869ca0aa84698ec59d	1	trabaje	0
en_lex	C_006d4446a4a341869ca0aa84698ec59d	1	en	0
en_lex	C_006d4446a4a341869ca0aa84698ec59d	1	la	0
en_lex	C_006d4446a4a341869ca0aa84698ec59d	1	station	1
en_lex	C_006d4446a4a341869ca0aa84698ec59d	1	de	0
en_lex	C_006d4446a4a341869ca0aa84698ec59d	1	tren	0
en_lex	C_006d4446a4a341869ca0aa84698ec59d	1	?	2
en_lex	C_006d4446a4a341869ca0aa84698ec59d	2	yo	0
en_lex	C_006d4446a4a341869ca0aa84698ec59d	2	tengo	0
en_lex	C_006d4446a4a341869ca0aa84698ec59d	2	un	0
en_lex	C_006d4446a4a341869ca0aa84698ec59d	2	amigo	0
en_lex	C_006d4446a4a341869ca0aa84698ec59d	2	igual	0
en_lex	C_006d4446a4a341869ca0aa84698ec59d	2	en	0
en_lex	C_006d4446a4a341869ca0aa84698ec59d	2	lthe	2	1
en_lex	C_006d4446a4a341869ca0aa84698ec59d	2	jewelry	1
en_lex	C_006d4446a4a341869ca0aa84698ec59d	2	store	1
en_lex	C_006d4446a4a341869ca0aa84698ec59d	2	,	2
en_lex	C_006d4446a4a341869ca0aa84698ec59d	2	but	1
en_lex	C_006d4446a4a341869ca0aa84698ec59d	2	at	1
en_lex	C_006d4446a4a341869ca0aa84698ec59d	2	the	1
en_lex	C_006d4446a4a341869ca0aa84698ec59d	2	concesionario	0
en_lex	C_006d4446a4a341869ca0aa84698ec59d	2	de	0
en_lex	C_006d4446a4a341869ca0aa84698ec59d	2	coches	0
en_lex	C_006d4446a4a341869ca0aa84698ec59d	2	no	0
en_lex	C_006d4446a4a341869ca0aa84698ec59d	2	.	2
en_lex	C_006d4446a4a341869ca0aa84698ec59d	3	no	0
en_lex	C_006d4446a4a341869ca0aa84698ec59d	3	,	2
en_lex	C_006d4446a4a341869ca0aa84698ec59d	3	the	1
en_lex	C_006d4446a4a341869ca0aa84698ec59d	3	bank	1
en_lex	C_006d4446a4a341869ca0aa84698ec59d	3	no	0
en_lex	C_006d4446a4a341869ca0aa84698ec59d	3	.	2
en_lex	C_006d4446a4a341869ca0aa84698ec59d	3	but	1
en_lex	C_006d4446a4a341869ca0aa84698ec59d	3	si	0
en_lex	C_006d4446a4a341869ca0aa84698ec59d	3	en	0
en_lex	C_006d4446a4a341869ca0aa84698ec59d	3	un	0
en_lex	C_006d4446a4a341869ca0aa84698ec59d	3	the	1
en_lex	C_006d4446a4a341869ca0aa84698ec59d	3	aquarium	1
en_lex	C_006d4446a4a341869ca0aa84698ec59d	4	i	1
en_lex	C_006d4446a4a341869ca0aa84698ec59d	4	have	1
en_lex	C_006d4446a4a341869ca0aa84698ec59d	4	one	1
en_lex	C_006d4446a4a341869ca0aa84698ec59d	4	que	0
en_lex	C_006d4446a4a341869ca0aa84698ec59d	4	le	0
en_lex	C_006d4446a4a341869ca0aa84698ec59d	4	gusta	0
en_lex	C_006d4446a4a341869ca0aa84698ec59d	4	viajar	0
en_lex	C_006d4446a4a341869ca0aa84698ec59d	5	the	1
en_lex	C_006d4446a4a341869ca0aa84698ec59d	5	clinica	0
en_lex	C_006d4446a4a341869ca0aa84698ec59d	5	none	1
en_lex	C_006d4446a4a341869ca0aa84698ec59d	6	no	0
en_lex	C_006d4446a4a341869ca0aa84698ec59d	6	,	2
en_lex	C_006d4446a4a341869ca0aa84698ec59d	6	no	0
en_lex	C_006d4446a4a341869ca0aa84698ec59d	6	tengo	0
en_lex	C_006d4446a4a341869ca0aa84698ec59d	6	.	2
en_lex	C_006d4446a4a341869ca0aa84698ec59d	6	tienes	0
en_lex	C_006d4446a4a341869ca0aa84698ec59d	6	one	1
en_lex	C_006d4446a4a341869ca0aa84698ec59d	6	que	0
en_lex	C_006d4446a4a341869ca0aa84698ec59d	6	le	0
en_lex	C_006d4446a4a341869ca0aa84698ec59d	6	guste	0
en_lex	C_006d4446a4a341869ca0aa84698ec59d	6	el	0
en_lex	C_006d4446a4a341869ca0aa84698ec59d	6	acuario	0
en_lex	C_006d4446a4a341869ca0aa84698ec59d	6	?	2
en_lex	C_de6b08e5bc984af386822f339f61ae0f	0	hola	0
en_lex	C_de6b08e5bc984af386822f339f61ae0f	0	como	0
en_lex	C_de6b08e5bc984af386822f339f61ae0f	0	estas	0
en_lex	C_de6b08e5bc984af386822f339f61ae0f	0	?	2
en_lex	C_de6b08e5bc984af386822f339f61ae0f	1	tengo	0
en_lex	C_de6b08e5bc984af386822f339f61ae0f	1	varios	2	0
en_lex	C_de6b08e5bc984af386822f339f61ae0f	1	amigos	0
en_lex	C_de6b08e5bc984af386822f339f61ae0f	1	que	0
en_lex	C_de6b08e5bc984af386822f339f61ae0f	1	les	0
en_lex	C_de6b08e5bc984af386822f339f61ae0f	1	gustan	0
en_lex	C_de6b08e5bc984af386822f339f61ae0f	1	los	0
en_lex	C_de6b08e5bc984af386822f339f61ae0f	1	deportes	0
en_lex	C_de6b08e5bc984af386822f339f61ae0f	2	do	1
en_lex	C_de6b08e5bc984af386822f339f61ae0f	2	you	1
en_lex	C_de6b08e5bc984af386822f339f61ae0f	2	have	1
en_lex	C_de6b08e5bc984af386822f339f61ae0f	2	un	0
en_lex	C_de6b08e5bc984af386822f339f61ae0f	2	any	1
en_lex	C_de6b08e5bc984af386822f339f61ae0f	2	amigo	0
en_lex	C_de6b08e5bc984af386822f339f61ae0f	2	que	0
en_lex	C_de6b08e5bc984af386822f339f61ae0f	2	es	0
en_lex	C_de6b08e5bc984af386822f339f61ae0f	2	japones	0
en_lex	C_de6b08e5bc984af386822f339f61ae0f	2	?	2
en_lex	C_de6b08e5bc984af386822f339f61ae0f	3	y	0
en_lex	C_de6b08e5bc984af386822f339f61ae0f	3	uno	0
en_lex	C_de6b08e5bc984af386822f339f61ae0f	3	que	0
en_lex	C_de6b08e5bc984af386822f339f61ae0f	3	le	0
en_lex	C_de6b08e5bc984af386822f339f61ae0f	3	gusten	0
en_lex	C_de6b08e5bc984af386822f339f61ae0f	3	los	0
en_lex	C_de6b08e5bc984af386822f339f61ae0f	3	rompe	2	0
en_lex	C_de6b08e5bc984af386822f339f61ae0f	3	cabezas	2	0
en_lex	C_de6b08e5bc984af386822f339f61ae0f	3	?	2
en_lex	C_de6b08e5bc984af386822f339f61ae0f	3	i	1
en_lex	C_de6b08e5bc984af386822f339f61ae0f	3	am	1
en_lex	C_de6b08e5bc984af386822f339f61ae0f	3	have	1
en_lex	C_de6b08e5bc984af386822f339f61ae0f	3	any	1
en_lex	C_de6b08e5bc984af386822f339f61ae0f	3	amigo	0
en_lex	C_de6b08e5bc984af386822f339f61ae0f	3	que	0
en_lex	C_de6b08e5bc984af386822f339f61ae0f	3	le	0
en_lex	C_de6b08e5bc984af386822f339f61ae0f	3	gustan	0
en_lex	C_de6b08e5bc984af386822f339f61ae0f	3	los	0
en_lex	C_de6b08e5bc984af386822f339f61ae0f	3	animales	2	0
sp_lex	C_186a247fc54848949ae9a7d7449666cf	0	hola	0
sp_lex	C_186a247fc54848949ae9a7d7449666cf	1	si	0
sp_lex	C_186a247fc54848949ae9a7d7449666cf	1	,	2
sp_lex	C_186a247fc54848949ae9a7d7449666cf	1	tengo	0
sp_lex	C_186a247fc54848949ae9a7d7449666cf	1	un	0
sp_lex	C_186a247fc54848949ae9a7d7449666cf	1	amigo	0
sp_lex	C_186a247fc54848949ae9a7d7449666cf	1	quien	0
sp_lex	C_186a247fc54848949ae9a7d7449666cf	1	trabaja	0
sp_lex	C_186a247fc54848949ae9a7d7449666cf	1	en	0
sp_lex	C_186a247fc54848949ae9a7d7449666cf	1	el	0
sp_lex	C_186a247fc54848949ae9a7d7449666cf	1	museum	1
sp_lex	C_186a247fc54848949ae9a7d7449666cf	1	.	2
sp_lex	C_186a247fc54848949ae9a7d7449666cf	2	tengo	0
sp_lex	C_186a247fc54848949ae9a7d7449666cf	2	un	0
sp_lex	C_186a247fc54848949ae9a7d7449666cf	2	amigo	0
sp_lex	C_186a247fc54848949ae9a7d7449666cf	2	que	0
sp_lex	C_186a247fc54848949ae9a7d7449666cf	2	tiene	0
sp_lex	C_186a247fc54848949ae9a7d7449666cf	2	especialidad	2	0
sp_lex	C_186a247fc54848949ae9a7d7449666cf	2	chemistry	1
sp_lex	C_186a247fc54848949ae9a7d7449666cf	2	,	2
sp_lex	C_186a247fc54848949ae9a7d7449666cf	2	que	0
sp_lex	C_186a247fc54848949ae9a7d7449666cf	2	le	0
sp_lex	C_186a247fc54848949ae9a7d7449666cf	2	gusta	0
sp_lex	C_186a247fc54848949ae9a7d7449666cf	2	trabajar	0
sp_lex	C_186a247fc54848949ae9a7d7449666cf	2	por	0
sp_lex	C_186a247fc54848949ae9a7d7449666cf	2	la	0
sp_lex	C_186a247fc54848949ae9a7d7449666cf	2	morning	1
sp_lex	C_186a247fc54848949ae9a7d7449666cf	3	tengo	0
sp_lex	C_186a247fc54848949ae9a7d7449666cf	3	un	0
sp_lex	C_186a247fc54848949ae9a7d7449666cf	3	amigo	0
sp_lex	C_186a247fc54848949ae9a7d7449666cf	3	que	0
sp_lex	C_186a247fc54848949ae9a7d7449666cf	3	trabaja	0
sp_lex	C_186a247fc54848949ae9a7d7449666cf	3	en	0
sp_lex	C_186a247fc54848949ae9a7d7449666cf	3	la	0
sp_lex	C_186a247fc54848949ae9a7d7449666cf	3	estacion	0
sp_lex	C_186a247fc54848949ae9a7d7449666cf	3	de	0
sp_lex	C_186a247fc54848949ae9a7d7449666cf	3	tren	0
sp_lex	C_186a247fc54848949ae9a7d7449666cf	4	tengo	0
sp_lex	C_186a247fc54848949ae9a7d7449666cf	4	dos	0
sp_lex	C_186a247fc54848949ae9a7d7449666cf	4	amigos	0
sp_lex	C_186a247fc54848949ae9a7d7449666cf	4	a	0
sp_lex	C_186a247fc54848949ae9a7d7449666cf	4	quienes	0
sp_lex	C_186a247fc54848949ae9a7d7449666cf	4	les	0
sp_lex	C_186a247fc54848949ae9a7d7449666cf	4	gustan	0
sp_lex	C_186a247fc54848949ae9a7d7449666cf	4	mathematics	1
sp_lex	C_924ea6b26cdb44ffa174a8afd9365f78	0	i	1
sp_lex	C_924ea6b26cdb44ffa174a8afd9365f78	0	have	1
sp_lex	C_924ea6b26cdb44ffa174a8afd9365f78	0	dos	0
sp_lex	C_924ea6b26cdb44ffa174a8afd9365f78	0	amigos	0
sp_lex	C_924ea6b26cdb44ffa174a8afd9365f78	0	que	0
sp_lex	C_924ea6b26cdb44ffa174a8afd9365f78	0	studied	1
sp_lex	C_924ea6b26cdb44ffa174a8afd9365f78	0	pharmacy	1
sp_lex	C_924ea6b26cdb44ffa174a8afd9365f78	1	si	0
sp_lex	C_924ea6b26cdb44ffa174a8afd9365f78	1	,	2
sp_lex	C_924ea6b26cdb44ffa174a8afd9365f78	1	i	1
sp_lex	C_924ea6b26cdb44ffa174a8afd9365f78	1	have	1
sp_lex	C_924ea6b26cdb44ffa174a8afd9365f78	1	dos	0
sp_lex	C_924ea6b26cdb44ffa174a8afd9365f78	1	amigos	0
sp_lex	C_924ea6b26cdb44ffa174a8afd9365f78	1	that	1
sp_lex	C_924ea6b26cdb44ffa174a8afd9365f78	1	work	1
sp_lex	C_924ea6b26cdb44ffa174a8afd9365f78	1	in	1
sp_lex	C_924ea6b26cdb44ffa174a8afd9365f78	1	la	0
sp_lex	C_924ea6b26cdb44ffa174a8afd9365f78	1	joyeria	0
sp_lex	C_924ea6b26cdb44ffa174a8afd9365f78	2	no	0
sp_lex	C_924ea6b26cdb44ffa174a8afd9365f78	2	tengo	0
sp_lex	C_924ea6b26cdb44ffa174a8afd9365f78	2	amigos	0
sp_lex	C_924ea6b26cdb44ffa174a8afd9365f78	2	that	1
sp_lex	C_924ea6b26cdb44ffa174a8afd9365f78	2	studied	1
sp_lex	C_924ea6b26cdb44ffa174a8afd9365f78	2	chemestry	2	1
sp_lex	C_924ea6b26cdb44ffa174a8afd9365f78	3	si	0
sp_lex	C_924ea6b26cdb44ffa174a8afd9365f78	3	,	2
sp_lex	C_924ea6b26cdb44ffa174a8afd9365f78	3	i	1
sp_lex	C_924ea6b26cdb44ffa174a8afd9365f78	3	have	1
sp_lex	C_924ea6b26cdb44ffa174a8afd9365f78	3	dos	0
sp_lex	C_924ea6b26cdb44ffa174a8afd9365f78	3	amigos	0
sp_lex	C_924ea6b26cdb44ffa174a8afd9365f78	3	que	0
sp_lex	C_924ea6b26cdb44ffa174a8afd9365f78	3	studied	1
sp_lex	C_924ea6b26cdb44ffa174a8afd9365f78	3	pharmacy	1
sp_lex	C_c087512e6e7449ee84aeab9e8e4cfc77	0	hello	2	1
sp_lex	C_c087512e6e7449ee84aeab9e8e4cfc77	1	hola	0
sp_lex	C_c087512e6e7449ee84aeab9e8e4cfc77	2	mi	0
sp_lex	C_c087512e6e7449ee84aeab9e8e4cfc77	2	amigo	0
sp_lex	C_c087512e6e7449ee84aeab9e8e4cfc77	2	su	0
sp_lex	C_c087512e6e7449ee84aeab9e8e4cfc77	2	especialidad	2	0
sp_lex	C_c087512e6e7449ee84aeab9e8e4cfc77	2	es	0
sp_lex	C_c087512e6e7449ee84aeab9e8e4cfc77	2	la	0
sp_lex	C_c087512e6e7449ee84aeab9e8e4cfc77	2	historia	0
sp_lex	C_c087512e6e7449ee84aeab9e8e4cfc77	3	mi	0
sp_lex	C_c087512e6e7449ee84aeab9e8e4cfc77	3	amigo	0
sp_lex	C_c087512e6e7449ee84aeab9e8e4cfc77	3	jopones	2	0
sp_lex	C_c087512e6e7449ee84aeab9e8e4cfc77	3	le	0
sp_lex	C_c087512e6e7449ee84aeab9e8e4cfc77	3	gusta	0
sp_lex	C_c087512e6e7449ee84aeab9e8e4cfc77	3	los	0
sp_lex	C_c087512e6e7449ee84aeab9e8e4cfc77	3	puzzles	1
sp_lex	C_c087512e6e7449ee84aeab9e8e4cfc77	4	ok	0	2
sp_lex	C_c087512e6e7449ee84aeab9e8e4cfc77	5	mi	0
sp_lex	C_c087512e6e7449ee84aeab9e8e4cfc77	5	amigo	0
sp_lex	C_c087512e6e7449ee84aeab9e8e4cfc77	5	le	0
sp_lex	C_c087512e6e7449ee84aeab9e8e4cfc77	5	gusta	0
sp_lex	C_c087512e6e7449ee84aeab9e8e4cfc77	5	rading	2	1
sp_lex	C_c087512e6e7449ee84aeab9e8e4cfc77	6	no	0
sp_lex	C_c087512e6e7449ee84aeab9e8e4cfc77	7	trabaja	0
sp_lex	C_c087512e6e7449ee84aeab9e8e4cfc77	7	in	1
sp_lex	C_c087512e6e7449ee84aeab9e8e4cfc77	7	the	1
sp_lex	C_c087512e6e7449ee84aeab9e8e4cfc77	7	aquarium	1
sp_lex	C_c087512e6e7449ee84aeab9e8e4cfc77	7	?	2
sp_lex	C_c087512e6e7449ee84aeab9e8e4cfc77	8	ah	0
sp_lex	C_c087512e6e7449ee84aeab9e8e4cfc77	8	ok	0
sp_lex	C_c087512e6e7449ee84aeab9e8e4cfc77	9	no	0
sp_lex	C_c087512e6e7449ee84aeab9e8e4cfc77	9	tengo	0
sp_lex	C_c087512e6e7449ee84aeab9e8e4cfc77	9	ningun	0
sp_lex	C_c087512e6e7449ee84aeab9e8e4cfc77	9	amigo	0
sp_lex	C_c087512e6e7449ee84aeab9e8e4cfc77	9	estudiando	2	0
sp_lex	C_c087512e6e7449ee84aeab9e8e4cfc77	9	humanities	1
sp_lex	C_c087512e6e7449ee84aeab9e8e4cfc77	10	tengo	0
sp_lex	C_c087512e6e7449ee84aeab9e8e4cfc77	10	un	0
sp_lex	C_c087512e6e7449ee84aeab9e8e4cfc77	10	amigo	0
sp_lex	C_c087512e6e7449ee84aeab9e8e4cfc77	10	su	0
sp_lex	C_c087512e6e7449ee84aeab9e8e4cfc77	10	hobby	2	0
sp_lex	C_c087512e6e7449ee84aeab9e8e4cfc77	10	es	0
sp_lex	C_c087512e6e7449ee84aeab9e8e4cfc77	10	la	0
sp_lex	C_c087512e6e7449ee84aeab9e8e4cfc77	10	jardineria	0
sp_lex	C_c087512e6e7449ee84aeab9e8e4cfc77	11	su	0
sp_lex	C_c087512e6e7449ee84aeab9e8e4cfc77	11	amigo	0
sp_lex	C_c087512e6e7449ee84aeab9e8e4cfc77	11	trabaja	0
sp_lex	C_c087512e6e7449ee84aeab9e8e4cfc77	11	en	0
sp_lex	C_c087512e6e7449ee84aeab9e8e4cfc77	11	una	0
sp_lex	C_c087512e6e7449ee84aeab9e8e4cfc77	11	fabrica	0
sp_lex	C_c087512e6e7449ee84aeab9e8e4cfc77	11	?	2
sp_lex	C_c087512e6e7449ee84aeab9e8e4cfc77	12	all	1
sp_lex	C_c087512e6e7449ee84aeab9e8e4cfc77	12	good	1
sp_lex	C_c087512e6e7449ee84aeab9e8e4cfc77	13	no	0
sp_lex	C_c087512e6e7449ee84aeab9e8e4cfc77	13	tengo	0
sp_lex	C_c087512e6e7449ee84aeab9e8e4cfc77	13	ningun	0
sp_lex	C_c087512e6e7449ee84aeab9e8e4cfc77	13	amigo	0
sp_lex	C_c087512e6e7449ee84aeab9e8e4cfc77	13	en	0
sp_lex	C_c087512e6e7449ee84aeab9e8e4cfc77	13	la	0
sp_lex	C_c087512e6e7449ee84aeab9e8e4cfc77	13	estacion	0
sp_lex	C_c087512e6e7449ee84aeab9e8e4cfc77	13	del	0
sp_lex	C_c087512e6e7449ee84aeab9e8e4cfc77	13	tren	0
sp_lex	C_c087512e6e7449ee84aeab9e8e4cfc77	14	tengo	0
sp_lex	C_c087512e6e7449ee84aeab9e8e4cfc77	14	un	0
sp_lex	C_c087512e6e7449ee84aeab9e8e4cfc77	14	amigo	0
sp_lex	C_c087512e6e7449ee84aeab9e8e4cfc77	14	ther	2	1
sp_lex	C_c087512e6e7449ee84aeab9e8e4cfc77	14	work	1
sp_lex	C_c087512e6e7449ee84aeab9e8e4cfc77	14	in	1
sp_lex	C_c087512e6e7449ee84aeab9e8e4cfc77	14	house	1
en_lex	C_de0b7b18247645edb2df75bfc9893a17	0	hola	0
en_lex	C_de0b7b18247645edb2df75bfc9893a17	1	si	0
en_lex	C_de0b7b18247645edb2df75bfc9893a17	1	i	1
en_lex	C_de0b7b18247645edb2df75bfc9893a17	1	have	1
en_lex	C_de0b7b18247645edb2df75bfc9893a17	1	4	2
en_lex	C_de0b7b18247645edb2df75bfc9893a17	1	friends	1
en_lex	C_de0b7b18247645edb2df75bfc9893a17	1	that	1
en_lex	C_de0b7b18247645edb2df75bfc9893a17	1	estudiaron	0
en_lex	C_de0b7b18247645edb2df75bfc9893a17	1	biologia	0
en_lex	C_de0b7b18247645edb2df75bfc9893a17	2	yo	0
en_lex	C_de0b7b18247645edb2df75bfc9893a17	2	no	0
en_lex	C_de0b7b18247645edb2df75bfc9893a17	2	tengo	0
en_lex	C_de0b7b18247645edb2df75bfc9893a17	2	friend	1
en_lex	C_de0b7b18247645edb2df75bfc9893a17	2	que	0
en_lex	C_de0b7b18247645edb2df75bfc9893a17	2	studied	1
en_lex	C_de0b7b18247645edb2df75bfc9893a17	2	matematicas	0
en_lex	C_de0b7b18247645edb2df75bfc9893a17	3	a	0
en_lex	C_de0b7b18247645edb2df75bfc9893a17	3	tu	0
en_lex	C_de0b7b18247645edb2df75bfc9893a17	3	friend	1
en_lex	C_de0b7b18247645edb2df75bfc9893a17	3	le	0
en_lex	C_de0b7b18247645edb2df75bfc9893a17	3	gusta	0
en_lex	C_de0b7b18247645edb2df75bfc9893a17	3	swim	2
en_lex	C_de0b7b18247645edb2df75bfc9893a17	3	>	2
en_lex	C_de0b7b18247645edb2df75bfc9893a17	4	?	2
en_lex	C_de0b7b18247645edb2df75bfc9893a17	5	si	0
en_lex	C_de0b7b18247645edb2df75bfc9893a17	5	,	2
en_lex	C_de0b7b18247645edb2df75bfc9893a17	5	historia	0
en_lex	C_de0b7b18247645edb2df75bfc9893a17	5	,	2
en_lex	C_de0b7b18247645edb2df75bfc9893a17	5	likes	1
en_lex	C_de0b7b18247645edb2df75bfc9893a17	5	to	1
en_lex	C_de0b7b18247645edb2df75bfc9893a17	5	write	1
en_lex	C_de0b7b18247645edb2df75bfc9893a17	5	,	2
en_lex	C_de0b7b18247645edb2df75bfc9893a17	5	y	0
en_lex	C_de0b7b18247645edb2df75bfc9893a17	5	trabaja	0
en_lex	C_de0b7b18247645edb2df75bfc9893a17	5	en	0
en_lex	C_de0b7b18247645edb2df75bfc9893a17	5	la	0
en_lex	C_de0b7b18247645edb2df75bfc9893a17	5	oficina	0
en_lex	C_de0b7b18247645edb2df75bfc9893a17	6	si	0